2023-06-10 15:41:41.584164+00:00,24.736891150666633,1017.6445009236859,49.67422379182905
2023-06-10 15:42:38.646771+00:00,24.792510241642596,1017.6512871308539,49.53963059497887
2023-06-10 15:43:38.705738+00:00,24.792510241642596,1017.6788668525253,49.52831230726001
2023-06-10 15:44:55.671891+00:00,24.807679090747843,1017.6481212578619,49.4720468230846
2023-06-10 15:45:55.744776+00:00,24.8177916582732,1017.7195589740255,49.48358356771899
2023-06-10 15:46:55.794684+00:00,24.8177916582732,1017.6092356453664,49.511881190387946
2023-06-10 15:47:55.845504+00:00,24.822847942472436,1017.6173732353881,49.44973465337906
2023-06-10 15:48:55.923988+00:00,24.838016796816373,1017.6417861586463,49.365161260706245
2023-06-10 15:49:56.002893+00:00,24.878467087872558,1017.6241379125781,49.15091504569552
2023-06-10 15:50:56.045550+00:00,24.878467087872558,1017.5689710078213,49.38300283647354
2023-06-10 15:51:56.126295+00:00,24.878467087872558,1017.5965544508222,49.0943058618904
2023-06-10 15:52:56.195385+00:00,24.90374852924142,1017.5544859439365,48.97593868483289
2023-06-10 15:53:56.274959+00:00,24.89869224038557,1017.601518191352,48.91922100506044
2023-06-10 15:54:56.313702+00:00,24.913861107826232,1017.543173847901,48.84592513894424
2023-06-10 15:55:56.395026+00:00,24.93408626848832,1017.6033049042692,48.665139636427966
2023-06-10 15:56:56.445254+00:00,24.964424018212593,1017.5969502842719,48.56946763037412
2023-06-10 15:57:56.526209+00:00,24.949255142040784,1017.6277147284732,48.61447431965164
2023-06-10 15:58:56.605724+00:00,24.969480310851942,1017.6050865642281,48.55257689109685
2023-06-10 15:59:56.643165+00:00,24.964424018212593,1017.5969502842719,48.55247879980571
2023-06-10 16:00:56.724132+00:00,24.964424018212593,1017.5417758616287,48.55814175276574
2023-06-10 16:01:56.801984+00:00,24.974536603782326,1017.5856351934689,48.34313434857931
2023-06-10 16:02:56.882372+00:00,24.969480310851942,1017.5499116861066,48.439314571792075
2023-06-10 16:03:56.958597+00:00,24.964424018212593,1017.5693630635701,48.4618702689827
2023-06-10 16:04:57.039853+00:00,24.984649190516212,1017.5191431428016,48.39996090421479
2023-06-10 16:05:57.094870+00:00,25.009930662444095,1017.4770532218495,48.29849271989397
2023-06-10 16:06:57.175670+00:00,24.98970548431971,1017.554866916761,48.343421436657025
2023-06-10 16:07:57.256441+00:00,25.00487436747644,1017.5240962113041,48.394682415313035
2023-06-10 16:08:57.337284+00:00,25.014986957702785,1017.5403669265578,48.32690783368859
2023-06-10 16:09:57.418036+00:00,25.014986957702785,1017.5127775222535,48.24761126736766
2023-06-10 16:10:57.453683+00:00,25.00487436747644,1017.4965072624858,48.094491295181975
2023-06-10 16:11:57.533131+00:00,25.03015584522509,1017.509593033947,47.868365678376904
2023-06-10 16:12:57.612866+00:00,25.040268438361817,1017.5534536168826,47.90253629973897
2023-06-10 16:13:57.675901+00:00,25.03015584522509,1017.5371831027198,47.82304593006566
2023-06-10 16:14:57.744960+00:00,25.020043253252517,1017.5485023223504,47.82286647323929
2023-06-10 16:15:57.823284+00:00,25.020043253252517,1017.4657334824983,47.84552591139864
2023-06-10 16:16:57.894992+00:00,24.99476177841425,1017.4802371045063,47.879062769273965
2023-06-10 16:17:57.972075+00:00,25.009930662444095,1017.5322315562081,47.73771465592625
2023-06-10 16:18:58.001454+00:00,25.00487436747644,1017.4137405286097,47.83959122939271
2023-06-10 16:19:58.053129+00:00,24.974536603782326,1017.4476970939817,47.75975051284622
2023-06-10 16:20:58.105411+00:00,25.00487436747644,1017.5792741652301,47.692306923690204
2023-06-10 16:21:58.186168+00:00,24.974536603782326,1017.4752846763565,47.79940112904413
2023-06-10 16:22:58.263125+00:00,24.954311433807014,1017.5530910355405,47.8726750594047
2023-06-10 16:23:58.343974+00:00,24.969480310851942,1017.4671495096316,47.889938770420684
2023-06-10 16:24:58.423150+00:00,24.999818072799826,1017.4331947849073,47.93579800354223
2023-06-10 16:25:58.483456+00:00,24.949255142040784,1017.5449550597323,48.15576772962449
2023-06-10 16:26:58.564390+00:00,24.954311433807014,1017.4979175613712,47.742401431162534
2023-06-10 16:27:58.595643+00:00,24.93408626848832,1017.4377898348782,47.72505363718618
2023-06-10 16:28:58.658673+00:00,24.929029977886238,1017.4848258034749,47.815585807274225
2023-06-10 16:29:58.693265+00:00,24.918917397555198,1017.4409694540343,47.798415203735004
2023-06-10 16:30:58.745526+00:00,24.9239736875752,1017.4766901827915,47.75885874362206
2023-06-10 16:31:58.813150+00:00,24.90374852924142,1017.4993169119147,47.77549224475964
2023-06-10 16:32:58.845872+00:00,24.908804818388308,1017.5626223735999,47.6736363210917
2023-06-10 16:33:58.923151+00:00,24.908804818388308,1017.5350376204775,47.66797259932316
2023-06-10 16:34:59.003916+00:00,24.913861107826232,1017.4880039424623,47.622750203704804
2023-06-10 16:35:59.055768+00:00,24.883523375564256,1017.5495241134735,47.56558844873377
2023-06-10 16:36:59.133323+00:00,24.883523375564256,1017.5219404802536,47.6958482145572
2023-06-10 16:37:59.179368+00:00,24.8632982265437,1017.5721436478017,47.81441681303784
2023-06-10 16:38:59.245511+00:00,24.85824194001616,1017.5640067644867,47.729383131619656
2023-06-10 16:39:59.305607+00:00,24.853185653779654,1017.5282876023332,47.65567533876695
2023-06-10 16:40:59.364609+00:00,24.843073082179764,1017.539596267649,47.78008070873132
2023-06-10 16:41:59.427741+00:00,24.832960511744023,1017.5233227307014,47.53073880636062
2023-06-10 16:42:59.488463+00:00,24.822847942472436,1017.534630252615,47.4965877178634
2023-06-10 16:43:59.555625+00:00,24.822847942472436,1017.5070492958617,47.57020491154042
2023-06-10 16:44:59.612486+00:00,24.822847942472436,1017.6449542671501,47.57586770657378
2023-06-10 16:45:59.693013+00:00,24.82790422696271,1017.4876048347915,47.52498901492511
2023-06-10 16:46:59.773775+00:00,24.959367725864286,1017.533640062618,47.56689432555781
2023-06-10 16:47:59.959731+00:00,24.9239736875752,1017.5594463792155,47.40202267555086
2023-06-10 16:49:00.044863+00:00,24.85824194001616,1017.5640067644867,47.536836248201375
2023-06-10 16:50:00.202012+00:00,24.838016796816373,1017.4762962628147,47.54215174961052
2023-06-10 16:51:00.465880+00:00,24.822847942472436,1017.5622112281204,47.581530492175894
2023-06-10 16:52:00.581741+00:00,24.8177916582732,1017.5540740935484,47.604093831686434
2023-06-10 16:53:00.642162+00:00,24.822847942472436,1017.5070492958617,47.59851879239475
2023-06-10 16:54:00.704390+00:00,24.838016796816373,1017.6142044624581,47.689387569249924
2023-06-10 16:55:00.763253+00:00,24.812735374365,1017.5459369845115,47.592680863581286
2023-06-10 16:56:00.842956+00:00,24.853185653779654,1017.5282876023332,47.4857798355276
2023-06-10 16:57:00.900572+00:00,24.84812936783419,1017.437404880418,47.933061714302326
2023-06-10 16:58:00.981355+00:00,24.838016796816373,1017.4762962628147,47.81962932560143
2023-06-10 16:59:01.062179+00:00,24.843073082179764,1017.5120144187475,47.91032046473128
2023-06-10 17:00:01.142731+00:00,24.832960511744023,1017.5233227307014,48.07434273734627
2023-06-10 17:01:01.223446+00:00,24.832960511744023,1017.495741337251,48.244201139917564
2023-06-10 17:02:01.293098+00:00,24.832960511744023,1017.5233227307014,48.29515700543036
2023-06-10 17:03:01.375590+00:00,24.8177916582732,1017.5816548600815,48.074063721267734
2023-06-10 17:04:01.457161+00:00,24.812735374365,1017.6286786571936,47.983380168376456
2023-06-10 17:05:01.506386+00:00,24.812735374365,1017.5735175233204,48.05132329018024
2023-06-10 17:06:01.545548+00:00,24.8177916582732,1017.6092356453664,48.10803493013977
2023-06-10 17:07:01.605463+00:00,24.792510241642596,1017.6237074279331,48.22645762812594
2023-06-10 17:08:01.683166+00:00,24.77734139515669,1017.6268728476923,47.88648839364865
2023-06-10 17:09:01.755206+00:00,24.787453959189587,1017.6431490109151,47.86968484231738
2023-06-10 17:10:01.830994+00:00,24.78239767702762,1017.6625901827541,47.948858171005185
2023-06-10 17:11:01.904730+00:00,24.7722851135768,1017.6187348044119,48.15248369734211
2023-06-10 17:12:01.979564+00:00,24.78239767702762,1017.5798524403231,48.0903966338027
2023-06-10 17:13:02.056207+00:00,24.807679090747843,1017.5653802120969,48.00027387151775
2023-06-10 17:14:02.135063+00:00,24.79756652438664,1017.7145851938805,47.85288039837658
2023-06-10 17:15:02.195695+00:00,24.812735374365,1017.6010980808812,47.83050317899179
2023-06-10 17:16:02.233191+00:00,24.80262280742172,1017.6675634473748,47.76237659488763
2023-06-10 17:17:02.263403+00:00,24.792510241642596,1017.5961277437627,47.76785959643771
2023-06-10 17:18:02.345910+00:00,24.80262280742172,1017.6399832890078,47.8416467972048
2023-06-10 17:19:02.406508+00:00,24.787453959189587,1017.5879900792679,47.852699242887844
2023-06-10 17:20:02.487323+00:00,24.792510241642596,1017.5685480783426,48.07926006408306
2023-06-10 17:21:02.568806+00:00,24.78239767702762,1017.6074316690502,48.07341232944176
2023-06-10 17:22:02.650282+00:00,24.7722851135768,1017.6738924447308,48.09021004716916
2023-06-10 17:23:02.683179+00:00,24.752059990167616,1017.6689166428533,48.101158807708
2023-06-10 17:24:02.764007+00:00,24.736891150666633,1017.6445009236859,48.072574096800885
2023-06-10 17:25:02.827104+00:00,24.736891150666633,1017.6445009236859,47.99332094296785
2023-06-10 17:26:02.869793+00:00,24.721722313784994,1017.6752386331293,48.03833024335024
2023-06-10 17:27:02.950639+00:00,24.73183487141505,1017.6915165110836,48.15739199319455
2023-06-10 17:28:02.972686+00:00,24.73183487141505,1017.6915165110836,47.95926283100827
2023-06-10 17:29:03.053300+00:00,24.721722313784994,1017.620085434685,47.981722388601604
2023-06-10 17:30:03.103146+00:00,24.73183487141505,1017.6087853752407,48.044176743198605
2023-06-10 17:31:03.183860+00:00,24.721722313784994,1017.620085434685,47.96473984835096
2023-06-10 17:32:03.247967+00:00,24.721722313784994,1017.647662024534,47.90246980822145
2023-06-10 17:33:03.294934+00:00,24.757116270583357,1017.6494771019246,47.95406095193403
2023-06-10 17:34:03.345608+00:00,24.77734139515669,1017.6268728476923,48.17522263545533
2023-06-10 17:35:03.373837+00:00,24.77734139515669,1017.6544518861978,48.22051205590834
2023-06-10 17:36:03.396365+00:00,24.878467087872558,1017.6241379125781,48.14313052285988
2023-06-10 17:37:03.477117+00:00,24.792510241642596,1017.5961277437627,48.35666554407093
2023-06-10 17:38:03.503186+00:00,24.84812936783419,1017.6304794168158,48.30676721514014
2023-06-10 17:39:03.584067+00:00,24.843073082179764,1017.6223419268744,48.24439093561201
2023-06-10 17:40:03.613186+00:00,24.984649190516212,1017.7398482711536,48.133767476537024
2023-06-10 17:41:03.655611+00:00,24.893635951820762,1017.6485496283624,48.154736941415415
2023-06-10 17:42:03.714649+00:00,24.80262280742172,1017.7503040349818,48.37384171552214
2023-06-10 17:43:03.790770+00:00,24.716666035406526,1017.7498289876384,48.55897956058691
2023-06-10 17:44:03.845513+00:00,24.7267785924545,1017.7109544143743,48.779907275037615
2023-06-10 17:45:03.898174+00:00,24.68632837124751,1017.7561422203914,48.75646111332247
2023-06-10 17:46:03.978985+00:00,24.645878168666968,1017.746170686604,48.8575056080002
2023-06-10 17:47:04.005585+00:00,24.645878168666968,1017.8013173910674,48.69906635168981
2023-06-10 17:48:04.070597+00:00,24.630709347501398,1017.8044684671811,48.710081878840924
2023-06-10 17:49:04.095518+00:00,24.645878168666968,1017.8564641704972,48.80092100745768
2023-06-10 17:50:04.177448+00:00,24.600371713028288,1017.8659100620115,48.96408217716571
2023-06-10 17:51:04.258203+00:00,24.59531544163474,1017.8577685881713,48.82253580062554
2023-06-10 17:52:04.339010+00:00,24.610484256688505,1017.8270493826574,49.03218202580681
2023-06-10 17:53:04.394738+00:00,24.60542798471288,1017.9016232138757,48.91892364277218
2023-06-10 17:54:04.475550+00:00,24.590259170532228,1017.8496271399754,48.82243382894744
2023-06-10 17:55:04.555586+00:00,24.590259170532228,1017.9047690972442,48.7998026872902
2023-06-10 17:56:04.605596+00:00,24.590259170532228,1017.9047690972442,48.99782006566643
2023-06-10 17:57:04.686378+00:00,24.666103267628934,1017.8614542023912,48.57496931482884
2023-06-10 17:58:04.723232+00:00,24.59531544163474,1017.8853397851414,48.77161494480138
2023-06-10 17:59:04.783200+00:00,24.610484256688505,1017.8546212252669,48.675729893689876
2023-06-10 18:00:04.837001+00:00,24.661046992451883,1017.8808873884423,48.72200308344535
2023-06-10 18:01:04.895327+00:00,24.600371713028288,1017.8383386560748,48.664213026385916
2023-06-10 18:02:04.945090+00:00,24.625653074361615,1017.8790452713278,48.568518253055295
2023-06-10 18:03:05.025915+00:00,24.59531544163474,1017.9129110008502,48.59055683238557
2023-06-10 18:04:05.106694+00:00,24.575090358970918,1017.8527732354278,48.64673850552934
2023-06-10 18:05:05.187485+00:00,24.620596801512875,1017.9536209035186,48.879626535815866
2023-06-10 18:06:05.268273+00:00,24.630709347501398,1017.9147594434594,48.60256931942919
2023-06-10 18:07:05.294973+00:00,24.620596801512875,1017.9536209035186,48.619346002196174
2023-06-10 18:08:05.375780+00:00,24.559921550028957,1017.9386271920534,48.93496756568595
2023-06-10 18:09:05.455677+00:00,24.519471405656077,1017.9837602666355,49.1094933843499
2023-06-10 18:10:05.513792+00:00,24.46385248755687,1018.032014855953,49.01784139760572
2023-06-10 18:11:05.545523+00:00,24.625653074361615,1017.9066178157998,48.472320047026386
2023-06-10 18:12:05.626331+00:00,24.585202899720752,1018.1447649051864,48.42626957820655
2023-06-10 18:13:05.707121+00:00,24.52452767268405,1018.0194715826315,48.61745148166157
2023-06-10 18:14:05.787896+00:00,24.50935887247324,1018.0226090752932,48.40217605089504
2023-06-10 18:15:05.845992+00:00,24.453739960776876,1017.9605968337544,48.18614109134347
2023-06-10 18:16:05.927401+00:00,24.42340238742181,1018.1046826039906,48.321328741255584
2023-06-10 18:17:05.963168+00:00,24.42340238742181,1018.0771188115409,48.29870272062076
2023-06-10 18:18:06.043982+00:00,24.3778960470343,1018.0038176776103,48.62586362494173
2023-06-10 18:19:06.124813+00:00,24.372839788446434,1018.0232347514606,48.359952067506136
2023-06-10 18:20:06.155582+00:00,24.36272727214382,1017.9793844296814,48.42762473999086
2023-06-10 18:21:06.213170+00:00,24.35261475700536,1018.01821695491,48.529224577680516
2023-06-10 18:22:06.260539+00:00,24.372839788446434,1018.0507962857629,48.540932248679276
2023-06-10 18:23:06.341293+00:00,24.35767101442907,1018.053922618965,48.37097147609192
2023-06-10 18:24:06.422053+00:00,24.35261475700536,1018.1008989379621,48.6988776399769
2023-06-10 18:25:06.495803+00:00,24.408233604673296,1018.0526848685985,48.12306255958909
2023-06-10 18:26:06.545490+00:00,24.32227721857489,1018.024467302606,48.31373777005571
2023-06-10 18:27:06.595022+00:00,24.36778353014961,1018.0150901077993,48.29764136691762
2023-06-10 18:28:06.675819+00:00,24.372839788446434,1017.9956732358835,48.269458362613825
2023-06-10 18:29:06.755608+00:00,24.3778960470343,1018.0589411828593,48.34308171991603
2023-06-10 18:30:06.805583+00:00,24.347558499872683,1018.0100721865907,48.263321555870355
2023-06-10 18:31:06.845514+00:00,24.317220963188447,1018.0438813195083,48.46632665301023
2023-06-10 18:32:06.893806+00:00,24.41328986529843,1018.0608294905137,48.08921673697602
2023-06-10 18:33:06.945512+00:00,24.35767101442907,1018.053922618965,48.48408100743671
2023-06-10 18:34:06.995511+00:00,24.42340238742181,1018.0771188115409,48.095061756548375
2023-06-10 18:35:07.073188+00:00,24.312164708093043,1018.0081771902355,48.143887179033854
2023-06-10 18:36:07.153166+00:00,24.332389730220893,1018.0407575180719,48.18951152838547
2023-06-10 18:37:07.233985+00:00,24.28688343698159,1018.050125576364,48.33567874992917
2023-06-10 18:38:07.314772+00:00,24.236320916586557,1018.0788931307593,48.41951706493071
2023-06-10 18:39:07.394673+00:00,24.276770930574276,1018.1440638541212,48.29590196437949
2023-06-10 18:40:07.445127+00:00,24.261602173146095,1018.0920679454639,48.431316521394784
2023-06-10 18:41:07.479412+00:00,24.241377167316386,1018.0870393808506,48.26695341230281
2023-06-10 18:42:07.545004+00:00,24.200927169626812,1018.1320861374494,48.56581727645329
2023-06-10 18:43:07.595278+00:00,24.231264666147762,1018.0983022530224,48.34591750779286
2023-06-10 18:44:07.629722+00:00,24.175645930529573,1018.118904541955,48.361805474702486
2023-06-10 18:45:07.705601+00:00,24.266658425331116,1018.1277710184529,48.024279617771235
2023-06-10 18:46:07.739421+00:00,24.185758425295354,1018.1076453524067,48.34504057940123
2023-06-10 18:47:07.784887+00:00,24.22115216614329,1018.192229178545,48.24395129575144
2023-06-10 18:48:07.863025+00:00,24.211039667302977,1018.1208256312991,48.16460289608484
2023-06-10 18:49:07.940582+00:00,24.170589683583238,1018.220968433988,48.33909483964035
2023-06-10 18:50:07.995950+00:00,24.165533436927944,1018.2128204965192,48.429447204567154
2023-06-10 18:51:08.045131+00:00,24.125083474162967,1018.2853917845846,48.50214108871638
2023-06-10 18:52:08.123150+00:00,24.08968977202312,1018.2283504266775,48.59752700862876
2023-06-10 18:53:08.144813+00:00,24.135195963107982,1018.1363822440408,48.43450878509055
2023-06-10 18:54:08.225647+00:00,24.104858499765395,1018.2252466694692,48.50174343539597
2023-06-10 18:55:08.306435+00:00,24.22620841600001,1018.1728212958014,47.97263915755378
2023-06-10 18:56:08.379969+00:00,24.251489669649164,1018.268669782608,48.00137925848434
2023-06-10 18:57:08.445273+00:00,24.130139718489954,1018.2659896170103,48.16872845299971
2023-06-10 18:58:08.495011+00:00,24.0998022568936,1018.1619988726665,48.38860040978225
2023-06-10 18:59:08.575786+00:00,24.064408564940095,1018.2151554717599,48.45008252053573
2023-06-10 19:00:08.613766+00:00,24.044183604512362,1018.2652022541166,48.540108949773554
2023-06-10 19:01:08.694585+00:00,24.039127365133027,1018.3121469977651,48.500449943659
2023-06-10 19:02:08.748988+00:00,23.993621223815715,1018.2388000113393,48.782078863121434
2023-06-10 19:03:08.829754+00:00,23.993621223815715,1018.2388000113393,48.872482034945236
2023-06-10 19:04:08.910554+00:00,23.993621223815715,1018.2663450320797,48.65212008939964
2023-06-10 19:05:08.991349+00:00,24.00878993496881,1018.2357030885369,48.5846153376842
2023-06-10 19:06:09.072168+00:00,23.988564987346763,1018.2581952688954,48.79892659281037
2023-06-10 19:07:09.095302+00:00,23.98350875116885,1018.3326793401914,48.65756766267424
2023-06-10 19:08:09.176060+00:00,23.97339627968613,1018.3714669662306,48.860766704768004
2023-06-10 19:09:09.256897+00:00,23.953171340213157,1018.3113206381418,48.673908549518025
2023-06-10 19:10:09.337642+00:00,23.922833939734847,1018.3450440677967,48.66199892396308
2023-06-10 19:11:09.395509+00:00,23.97845251528197,1018.4071622398545,48.674417014679314
2023-06-10 19:12:09.476279+00:00,23.932946405396798,1018.4439735044061,48.59440508328806
2023-06-10 19:13:09.557058+00:00,23.99867746057571,1018.3571306785799,48.52790701673071
2023-06-10 19:14:09.633635+00:00,23.902609011903404,1018.4501458006682,48.740681803955994
2023-06-10 19:15:09.712679+00:00,23.867215399403356,1018.5032405553901,48.80209904150985
2023-06-10 19:16:09.790774+00:00,23.872271628887393,1018.4563136434947,48.80220239656197
2023-06-10 19:17:09.854222+00:00,23.852046712697483,1018.5063213288612,48.78484353337636
2023-06-10 19:18:09.894470+00:00,23.82170934714377,1018.5400171914334,48.82376056859959
2023-06-10 19:19:09.931837+00:00,23.811596894287504,1018.4961731520779,48.902622785649804
2023-06-10 19:20:10.005540+00:00,23.846990484377603,1018.525707178525,48.69436455260691
2023-06-10 19:21:10.059138+00:00,23.867215399403356,1018.5583198691678,48.75690963411659
2023-06-10 19:22:10.138105+00:00,23.917777707340427,1018.5296857567356,48.633649589377725
2023-06-10 19:23:10.167409+00:00,23.91272147523705,1018.4939915555783,48.520556459255694
2023-06-10 19:24:10.248175+00:00,23.993621223815715,1018.5142510603649,48.392187630082695
2023-06-10 19:25:10.327621+00:00,23.958227574644845,1018.5673634900334,48.52710696742148
2023-06-10 19:26:10.408009+00:00,23.88238408872858,1018.6378604145076,48.71202659329409
2023-06-10 19:27:10.445515+00:00,23.852046712697483,1018.6164773743214,48.762249558908515
2023-06-10 19:28:10.495183+00:00,23.836878028610954,1018.5920160026279,48.897497676357126
2023-06-10 19:29:10.575972+00:00,23.852046712697483,1018.6990946047064,48.73965543419588
2023-06-10 19:30:10.644927+00:00,23.841934256348758,1018.6827856317448,48.81287873339632
2023-06-10 19:31:10.726027+00:00,23.841934256348758,1018.7929403795351,48.74509845625535
2023-06-10 19:32:10.803090+00:00,23.7306973133469,1018.6961297491617,49.042113216646094
2023-06-10 19:33:10.882878+00:00,23.715528650215127,1018.7542627760532,49.15471850948502
2023-06-10 19:34:10.945387+00:00,23.75092220159713,1018.7287518820772,49.138532309297844
2023-06-10 19:35:11.026148+00:00,23.78125954270363,1018.7501498235509,48.96411552042471
2023-06-10 19:36:11.053714+00:00,23.771147094503977,1018.8164456562606,48.96955187732784
2023-06-10 19:37:11.094748+00:00,23.766090870840706,1018.8633603684046,49.0372106727348
2023-06-10 19:38:11.124326+00:00,23.776203318458283,1018.879673568525,48.975304543405294
2023-06-10 19:39:11.167703+00:00,23.766090870840706,1018.9459667744497,48.94121089169998
2023-06-10 19:40:11.244642+00:00,23.7306973133469,1018.9164005270952,49.13810252280666
2023-06-10 19:41:11.325477+00:00,23.75092220159713,1018.9765647859774,49.257108956029384
2023-06-10 19:42:11.405584+00:00,23.78125954270363,1018.942902492124,49.08270632755684
2023-06-10 19:43:11.429491+00:00,23.7306973133469,1018.9990023771563,49.31878091759224
2023-06-10 19:44:11.467848+00:00,23.75092220159713,1018.9765647859774,49.51683381355415
2023-06-11 00:47:02.472610+00:00,21.784073612937938,1020.3615876140028,37.15694970188872
2023-06-11 00:48:02.553958+00:00,21.637446561828256,1020.288888824042,37.30428379158804
2023-06-11 00:49:02.634806+00:00,21.667783173010683,1020.3654476360301,37.281589087466365
2023-06-11 00:50:02.715527+00:00,21.784073612937938,1020.3615876140028,37.22464677524143
2023-06-11 00:51:02.743126+00:00,21.824522497697036,1020.3447154966339,37.03826917377298
2023-06-11 00:52:02.823856+00:00,21.819466386083512,1020.3914328645599,37.17370344101192
2023-06-11 12:24:04.894522+00:00,23.953171340213157,1019.6885081997546,32.17577216587109
2023-06-11 12:25:04.943370+00:00,23.97845251528197,1019.7017724859121,32.35702469472728
2023-06-11 12:26:05.003450+00:00,23.94811510607251,1019.6252584061579,31.415022654505382
2023-06-11 12:27:05.042957+00:00,23.922833939734847,1019.6946232394985,31.10885705949546
2023-06-11 12:28:05.118523+00:00,23.922833939734847,1019.6670803586593,31.177000613467328
2023-06-11 12:29:05.143717+00:00,23.872271628887393,1019.6405435504214,32.194165031172055
2023-06-11 12:30:05.224519+00:00,23.902609011903404,1019.6068908808718,31.86439441709054
2023-06-11 12:31:05.303128+00:00,23.922833939734847,1019.6670803586593,31.387101389870107
2023-06-11 12:32:05.382625+00:00,23.902609011903404,1019.7170587991359,31.20010025688649
2023-06-11 12:33:05.443357+00:00,24.069464805774622,1019.7109414955951,30.878798041998998
2023-06-11 12:34:05.493137+00:00,24.059352324396606,1019.6946193618986,30.765380616612322
2023-06-11 12:35:05.571808+00:00,24.064408564940095,1019.6752313099742,30.49257745882964
2023-06-11 12:36:05.643636+00:00,24.07452104690019,1019.7466521811947,30.208274452453686
2023-06-11 12:37:05.724425+00:00,24.07452104690019,1019.6364539740026,30.02075977228631
2023-06-11 12:38:05.802126+00:00,24.08968977202312,1019.7435860741002,30.287501951742858
2023-06-11 12:39:05.882429+00:00,24.246433418337254,1019.6934663114552,29.72708455760069
2023-06-11 12:40:05.963221+00:00,24.25654592125211,1019.682227799919,29.41984135472305
2023-06-11 12:41:05.993428+00:00,24.200927169626812,1019.647586975641,29.78495203934549
2023-06-11 12:42:06.074235+00:00,24.15036469870829,1019.7037576028661,29.979323917387433
2023-06-11 12:43:06.113154+00:00,24.069464805774622,1019.6833921621155,30.0776928836447
2023-06-11 12:44:06.143174+00:00,24.079577288316795,1019.6446144226512,30.19680216416717
2023-06-11 12:45:06.223996+00:00,24.079577288316795,1019.6446144226512,30.19680216416717
2023-06-11 12:46:06.304765+00:00,24.145308453217147,1019.6955972468746,30.292006710627707
2023-06-11 12:47:06.384203+00:00,24.16047719056369,1019.6374184343321,30.558779058136555
2023-06-11 12:48:06.442883+00:00,24.216095916577615,1019.6445098108728,30.665615116006958
2023-06-11 12:49:06.493128+00:00,24.307108453288674,1019.6260234115439,30.271519661094384
2023-06-11 12:50:06.574020+00:00,24.22620841600001,1019.5506039104284,30.34144668105558
2023-06-11 12:51:06.655117+00:00,24.165533436927944,1019.6180246752929,30.35409211455748
2023-06-11 12:52:06.732647+00:00,24.231264666147762,1019.6965443769499,29.8922837532732
2023-06-11 12:53:06.802139+00:00,24.241377167316386,1019.7404206237771,29.57369901011289
2023-06-11 12:54:06.871950+00:00,24.22620841600001,1019.7159409685696,29.619525665233034
2023-06-11 12:55:06.943359+00:00,24.211039667302977,1019.7190171048622,29.574391390916816
2023-06-11 12:56:06.979294+00:00,24.302052198775346,1019.7005435649503,29.071903494270984
2023-06-11 12:57:07.043086+00:00,24.25654592125211,1019.6546702667878,29.448269895720912
2023-06-11 12:58:07.122956+00:00,24.185758425295354,1019.6231086241402,28.750606146448078
2023-06-11 12:59:07.203683+00:00,24.22620841600001,1019.7159409685696,29.69911494969869
2023-06-11 13:00:07.242450+00:00,24.211039667302977,1019.6914615460593,29.011540584437945
2023-06-11 13:01:07.293358+00:00,24.22115216614329,1019.7077811352084,28.579137173146343
2023-06-11 13:02:07.372846+00:00,24.22620841600001,1019.5781600399939,28.31741065952851
2023-06-11 13:03:07.391961+00:00,24.236320916586557,1019.6220341110587,28.260277820827497
2023-06-11 13:04:07.413151+00:00,24.211039667302977,1019.663906005972,28.67037401963641
2023-06-11 13:05:07.493916+00:00,24.1908146731148,1019.5486042730147,28.335378301212458
2023-06-11 13:06:07.573339+00:00,24.200927169626812,1019.5924768623534,28.96629820925889
2023-06-11 13:07:07.592411+00:00,24.200927169626812,1019.647586975641,29.26763097966739
2023-06-11 13:08:07.643392+00:00,24.276770930574276,1019.659748410776,28.702863010056326
2023-06-11 13:09:07.692147+00:00,24.347558499872683,1019.6637302044269,28.792114660126835
2023-06-11 13:10:07.772362+00:00,24.499246340454555,1019.5776753397407,28.16812340742799
2023-06-11 13:11:07.793385+00:00,24.42340238742181,1019.6482848716181,29.09743293833398
2023-06-11 13:12:07.874193+00:00,24.35261475700536,1019.616765158899,28.900060363020668
2023-06-11 13:13:07.954958+00:00,24.35261475700536,1019.5616417584862,30.662831138635177
2023-06-11 13:14:07.984904+00:00,24.393064824544126,1019.6544663511954,28.870632023464932
2023-06-11 13:15:08.042729+00:00,24.49419007488177,1019.7349266771402,30.313029565616276
2023-06-11 13:16:08.092786+00:00,24.580146629200318,1019.6806101780396,30.214497239716422
2023-06-11 13:17:08.173175+00:00,24.59531544163474,1019.5947905938147,30.674927462900072
2023-06-11 13:18:08.242602+00:00,24.559921550028957,1019.6755546784887,32.47812197962945
2023-06-11 13:19:08.293369+00:00,24.630709347501398,1019.6518818721594,30.435280360961595
2023-06-11 13:20:08.343101+00:00,24.640821894654074,1019.6406194887011,29.797846479856887
2023-06-11 13:21:08.423154+00:00,24.645878168666968,1019.566051516237,29.427858603256645
2023-06-11 13:22:08.503102+00:00,24.620596801512875,1019.6079964525887,30.02588296496357
2023-06-11 13:23:08.583663+00:00,24.716666035406526,1019.6250706894331,29.642481906921205
2023-06-11 13:24:08.627187+00:00,24.69138464787975,1019.5567191548737,29.665822721042087
2023-06-11 13:25:08.707950+00:00,24.8177916582732,1019.5399372138133,29.452311993785614
2023-06-11 13:26:08.743578+00:00,24.78239767702762,1019.5380242731965,29.544213302056484
2023-06-11 13:27:08.783174+00:00,24.655990717565874,1019.5547868566847,30.252691257674666
2023-06-11 13:28:08.853456+00:00,24.630709347501398,1019.5967339852064,30.674202412312944
2023-06-11 13:29:08.893135+00:00,24.635765620932215,1019.5221671562842,30.49775116899145
2023-06-11 13:30:08.954886+00:00,24.640821894654074,1019.5578963762362,30.435067686594163
2023-06-11 13:31:09.003461+00:00,24.676215818856143,1019.5598310588254,29.72307443620184
2023-06-11 13:32:09.041287+00:00,24.721722313784994,1019.5504919961195,29.317947510335188
2023-06-11 13:33:09.121607+00:00,24.79756652438664,1019.6176482788302,29.00873390115292
2023-06-11 13:34:09.143056+00:00,24.77734139515669,1019.5022901774116,29.157241170540264
2023-06-11 13:35:09.220408+00:00,24.77734139515669,1019.5574508231033,28.997838975934258
2023-06-11 13:36:09.243382+00:00,24.822847942472436,1019.5756730897432,28.962570337319562
2023-06-11 13:37:09.293160+00:00,24.98970548431971,1019.5964534125765,27.915996398788213
2023-06-11 13:38:09.373951+00:00,24.949255142040784,1019.5312337087753,27.768954064003207
2023-06-11 13:39:09.454722+00:00,24.9239736875752,1019.4904722231192,27.405014259850386
2023-06-11 13:40:09.535483+00:00,25.00487436747644,1019.4829595358651,27.1577040364298
2023-06-11 13:41:09.616448+00:00,25.035212141647936,1019.4490941240845,27.49308711725745
2023-06-11 13:42:09.698171+00:00,24.93408626848832,1019.5343639457301,27.968758222162492
2023-06-11 13:43:09.778938+00:00,24.853185653779654,1019.4866778153254,28.06774085332721
2023-06-11 13:44:09.853461+00:00,24.949255142040784,1019.4760579886738,28.01962588311823
2023-06-11 13:45:09.903465+00:00,24.949255142040784,1019.5036458393447,28.253189998591445
2023-06-11 13:46:09.973174+00:00,24.98970548431971,1019.5412740482988,28.502795688691805
2023-06-11 13:47:10.054019+00:00,24.939142559381434,1019.4597542288783,28.777478753591662
2023-06-11 13:48:10.092441+00:00,24.90374852924142,1019.4578634940762,29.023236424599816
2023-06-11 13:49:10.171837+00:00,24.853185653779654,1019.4590941981879,29.405940461259338
2023-06-11 13:50:10.193115+00:00,24.853185653779654,1019.4590941981879,29.502726185871197
2023-06-11 13:51:10.273903+00:00,24.954311433807014,1019.4842099068456,28.469520685685794
2023-06-11 13:52:10.303463+00:00,24.959367725864286,1019.4647735631022,29.073142333521567
2023-06-11 13:53:10.384258+00:00,24.974536603782326,1019.4340509787997,29.340451220474115
2023-06-11 13:54:10.465039+00:00,25.00487436747644,1019.510549835626,28.724576526607635
2023-06-11 13:55:10.543382+00:00,25.00487436747644,1019.510549835626,28.547982962124017
2023-06-11 13:56:10.622891+00:00,25.025099549093284,1019.3776099777547,28.279701156773385
2023-06-11 13:57:10.693478+00:00,25.075662523508072,1019.4867093037225,28.363855625984314
2023-06-11 13:58:10.773010+00:00,25.065549926296807,1019.4152215986909,28.164688378939257
2023-06-11 13:59:10.794163+00:00,25.035212141647936,1019.3939109602562,28.25095031781663
2023-06-11 14:00:10.821513+00:00,25.111056622915203,1019.4057918070653,28.511095538641868
2023-06-11 14:01:10.873203+00:00,25.04532473536674,1019.4378040727181,28.666595120145548
2023-06-11 14:02:10.954016+00:00,25.13128182897926,1019.4659877856368,28.373815425856993
2023-06-11 14:03:11.034759+00:00,25.141394433757522,1019.4270959279477,28.18549056337102
2023-06-11 14:04:11.115519+00:00,25.19195747511112,1019.4809978010306,27.58564182670204
2023-06-11 14:05:11.196258+00:00,25.18690116966609,1019.5004461682,27.431861078374297
2023-06-11 14:06:11.277008+00:00,25.136338131222875,1019.4465420624696,27.558677366435287
2023-06-11 14:07:11.470241+00:00,25.065549926296807,1019.3048501048673,27.298464849352392
2023-06-11 14:08:11.603465+00:00,25.04532473536674,1019.4378040727181,28.42731145102591
2023-06-11 14:09:11.643407+00:00,25.065549926296807,1019.4428145190635,27.52643955872191
2023-06-11 14:10:11.706033+00:00,25.217239006701856,1019.4113493602698,27.41390870187573
2023-06-11 14:11:11.753579+00:00,25.19195747511112,1019.3982023509103,27.186570201692213
2023-06-11 14:12:11.783169+00:00,25.22735162137542,1019.4276477200877,27.29959492348831
2023-06-11 14:13:11.864031+00:00,25.247576854215005,1019.4602447443317,27.21919580369706
2023-06-11 14:14:11.944899+00:00,25.217239006701856,1019.4113493602698,27.311283779960718
2023-06-11 14:15:12.025643+00:00,25.257689472381024,1019.4489420204668,27.361458479643947
2023-06-11 14:16:12.106394+00:00,25.399266248941423,1019.5390890410699,27.197762132266575
2023-06-11 14:17:12.182582+00:00,25.47511104453006,1019.4128234294873,26.722051487498746
2023-06-11 14:18:12.263430+00:00,25.47511104453006,1019.4128234294873,26.528051039969988
2023-06-11 14:19:12.344220+00:00,25.35881571806967,1019.4462944171154,27.084845943514527
2023-06-11 14:20:12.423130+00:00,25.37904098117724,1019.4512809757736,26.616511051452292
2023-06-11 14:21:12.464821+00:00,25.40937888456974,1019.3897381173414,26.535733114467615
2023-06-11 14:22:12.543404+00:00,25.45994208017364,1019.4159926922476,26.208964285191065
2023-06-11 14:23:12.621819+00:00,25.480167366564274,1019.3933593418516,26.322472414512088
2023-06-11 14:24:12.685335+00:00,25.44477311843657,1019.3639417080593,26.25508070084329
2023-06-11 14:25:12.760290+00:00,25.45488575930358,1019.3526255234708,26.483012808259254
2023-06-11 14:26:12.834604+00:00,25.399266248941423,1019.3734433997312,26.4618701814271
2023-06-11 14:27:12.911847+00:00,25.36892834904138,1019.3245598542794,26.491310470523782
2023-06-11 14:28:12.981812+00:00,25.36892834904138,1019.2693475243915,26.382918268633578
2023-06-11 14:29:13.062074+00:00,25.394209931563818,1019.3929034110032,26.63317269531603
2023-06-11 14:30:13.141487+00:00,25.45994208017364,1019.3883824550281,26.40868220317626
2023-06-11 14:31:13.203452+00:00,25.47511104453006,1019.329990780294,26.391102964267194
2023-06-11 14:32:13.284266+00:00,25.429604159318842,1019.3118923370471,26.249840261031952
2023-06-11 14:33:13.343168+00:00,25.389153614477255,1019.2467205539193,26.376598573202045
2023-06-11 14:34:13.422650+00:00,25.36892834904138,1019.2693475243915,26.736606535354408
2023-06-11 14:35:13.459887+00:00,25.43466047873371,1019.2648208213349,26.369508994335902
2023-06-11 14:36:13.507599+00:00,25.49533633441315,1019.3073528716342,25.84832392899664
2023-06-11 14:37:13.537904+00:00,25.45994208017364,1019.2227214263077,25.78095830314759
2023-06-11 14:38:13.616904+00:00,25.45488575930358,1019.3802355140925,25.712633766286952
2023-06-11 14:39:13.661831+00:00,25.67736415290856,1019.2968068192283,25.705524381356856
2023-06-11 14:40:13.711839+00:00,25.743096513394267,1019.2645728664876,25.235099222670815
2023-06-11 14:41:13.781827+00:00,25.616688171500574,1019.2819269670357,25.633244571503866
2023-06-11 14:42:13.862111+00:00,25.596462853677803,1019.2493480711056,25.616767272099388
2023-06-11 14:43:13.942861+00:00,25.61163184160832,1019.2737822052454,25.730463494126028
2023-06-11 14:44:14.012889+00:00,25.5661248856748,1019.2004804835653,25.897459361765108
2023-06-11 14:45:14.093632+00:00,25.596462853677803,1019.2769642149813,26.10771615602403
2023-06-11 14:46:14.174374+00:00,25.62680083215819,1019.2705990742122,26.11248202968242
2023-06-11 14:47:14.255108+00:00,25.697589489357778,1019.2465227741483,25.950409475128023
2023-06-11 14:48:14.292704+00:00,25.70264582419768,1019.22704580049,25.721846174622858
2023-06-11 14:49:14.363338+00:00,25.61163184160832,1019.2185486069659,25.78184519027961
2023-06-11 14:50:14.443045+00:00,25.697589489357778,1019.274143361717,25.607801323179043
2023-06-11 14:51:14.493130+00:00,25.773434542515314,1019.2858108567178,25.31977460286923
2023-06-11 14:52:14.572891+00:00,25.75826552664512,1019.2613804576727,25.17747883532539
2023-06-11 14:53:14.653364+00:00,25.85433600472752,1019.2227175042682,24.820053609940597
2023-06-11 14:54:14.733204+00:00,25.783547221217304,1019.2744735295379,24.611081744824723
2023-06-11 14:55:14.804344+00:00,25.672307819523848,1019.2334234853868,24.734860413366548
2023-06-11 14:56:14.884626+00:00,25.712758494750595,1019.215711832731,24.716341407223265
2023-06-11 14:57:14.923015+00:00,25.864448692742734,1019.156118534746,24.18541296089494
2023-06-11 14:58:14.992830+00:00,25.823997947666793,1019.1738640905264,24.203990574815624
2023-06-11 14:59:15.042416+00:00,25.753209188603797,1019.3084831350221,24.172215749276642
2023-06-11 15:00:15.103491+00:00,25.743096513394267,1019.2093277220126,24.326832178464986
2023-06-11 15:01:15.141180+00:00,25.62174450168386,1019.1519856211086,24.879357414472715
2023-06-11 15:02:15.221970+00:00,25.60657551200711,1019.1551712585808,24.948395522326585
2023-06-11 15:03:15.293044+00:00,25.682420486584306,1019.1944715710509,24.97439674358496
2023-06-11 15:04:15.333180+00:00,25.72792750276276,1019.212520338298,24.618711887633708
2023-06-11 15:05:15.392113+00:00,25.74815285085351,1019.2174708599813,24.715129582190123
2023-06-11 15:06:15.443366+00:00,25.839166974887483,1019.198290684463,24.569165410007017
2023-06-11 15:07:15.493387+00:00,25.93018119321787,1019.0961779144361,24.6288802085063
2023-06-11 15:08:15.564941+00:00,25.83411063218955,1019.1901484613846,24.786461103471588
2023-06-11 15:09:15.617820+00:00,25.829054289782654,1019.1267536733955,24.786633583083525
2023-06-11 15:10:15.671823+00:00,25.808828923065448,1019.0941869552321,24.89015945854651
2023-06-11 15:11:15.752571+00:00,25.85433600472752,1019.0845804742679,24.88290402364396
2023-06-11 15:12:15.812429+00:00,25.925124845281243,1019.1985593354005,24.406164523797223
2023-06-11 15:13:15.853236+00:00,25.980744688591223,1019.0946866749271,24.255597540046285
2023-06-11 15:14:15.913177+00:00,25.985801039729267,1019.1580932309458,24.546939810287885
2023-06-11 15:15:15.993722+00:00,25.8947867637733,1019.149710650352,24.99581321679081
2023-06-11 15:16:16.043375+00:00,25.945350238773973,1019.1482313305544,25.63979975757561
2023-06-11 15:17:16.093772+00:00,26.016139152669346,1019.1240342011993,25.928940724011934
2023-06-11 15:18:16.144166+00:00,25.975688337744213,1019.1418119131572,26.5300772310727
2023-06-11 15:19:16.207747+00:00,25.925124845281243,1019.1432982753752,27.137002708421026
2023-06-11 15:20:16.243447+00:00,25.899843109963694,1019.0749638911335,27.617377863044894
2023-06-11 15:21:16.324247+00:00,25.899843109963694,1019.0749638911335,28.04557613977977
2023-06-11 15:22:16.392861+00:00,25.8947867637733,1019.0668231898306,27.874440807817447
2023-06-11 15:23:16.419042+00:00,25.874561381922103,1019.1447736414345,28.057671487928108
2023-06-11 15:24:16.492971+00:00,25.95040658787475,1019.2116355833294,27.8044075287639
2023-06-11 15:25:16.525241+00:00,25.985801039729267,1019.1304600513737,27.443660678745577
2023-06-11 15:26:16.592134+00:00,25.955462937266567,1019.1645132593217,27.68435561031024
2023-06-11 15:27:16.643371+00:00,25.985801039729267,1019.1857264293399,27.831990167139946
2023-06-11 15:28:16.724213+00:00,25.99085739115835,1019.0833337615602,28.311497992197367
2023-06-11 15:29:16.804985+00:00,26.036364567116834,1019.0460535093158,28.493025803336007
2023-06-11 15:30:16.885763+00:00,25.980744688591223,1019.0670537608545,28.77420554835649
2023-06-11 15:31:16.950687+00:00,25.980744688591223,1019.1223196078212,29.071049109546664
2023-06-11 15:32:17.023124+00:00,26.036364567116834,1019.0736888545375,29.212404535183012
2023-06-11 15:33:17.072934+00:00,26.09704083839897,1019.0608132516644,29.170964853317653
2023-06-11 15:34:17.154041+00:00,26.026251859311014,1019.0297748812097,29.109892999178978
2023-06-11 15:35:17.192517+00:00,26.061646341724554,1019.0867505170712,29.160408970283047
2023-06-11 15:36:17.253446+00:00,26.026251859311014,1019.0574097707105,29.38961276709792
2023-06-11 15:37:17.333285+00:00,26.09198448085808,1019.0250365324208,29.50222516996663
2023-06-11 15:38:17.363243+00:00,26.107153554353864,1019.0494527522268,29.530412457659256
2023-06-11 15:39:17.444115+00:00,26.046477276086808,1019.0623322374282,29.663131658011874
2023-06-11 15:40:17.524883+00:00,26.000970094889635,1019.0443462678279,29.801168075473303
2023-06-11 15:41:17.592471+00:00,26.026251859311014,1019.0850446790358,29.943276593307495
2023-06-11 15:42:17.673275+00:00,26.006026447191836,1019.0524859000424,29.972269662553433
2023-06-11 15:43:17.753458+00:00,26.021195505844663,1019.0769049467713,30.040414540168943
2023-06-11 15:44:17.834231+00:00,26.026251859311014,1019.0574097707105,30.154444443505703
2023-06-11 15:45:17.915044+00:00,26.006026447191836,1019.080119915755,29.898076447739285
2023-06-11 15:46:17.995808+00:00,26.021195505844663,1019.0769049467713,29.68084282860106
2023-06-11 15:47:18.076548+00:00,26.076815409981645,1019.0558947418567,29.25709678218568
2023-06-11 15:48:18.142479+00:00,26.031308213068407,1019.0655493001217,29.406617275447488
2023-06-11 15:49:18.223281+00:00,26.07175905360491,1018.9648450762162,29.371399794840617
2023-06-11 15:50:18.244174+00:00,26.117266271472907,1019.0380914600224,29.39885855574228
